fold,mae,rmse
1,10.974869911766048,17.77682235144024
2,9.894236796569825,15.410720637829174
3,15.738160852622986,27.86111588198624
4,10.091804137897489,17.16596237137867
5,19.52815517463684,45.94449243144933
6,11.383100829648972,17.740414545264212
7,10.40705231180191,17.286669025609203
8,8.746510057830811,13.240181107413692
9,10.024523811006546,17.59209658187635
10,15.252434082174302,27.97248738273036
11,9.50029780263901,17.703459181534985
12,11.417323282718657,20.080039242171598
13,13.5706472135067,24.027968534447044
14,9.251743283414841,15.824486736305696
15,11.269659107208248,19.313146981889247
16,7.50720720310211,14.053274151323592
17,10.140733632850646,20.869802005984166
18,8.527529556846618,15.87882097628429
19,7.684110134315492,14.11835468587802
20,8.20859401473999,13.762157432446834
21,7.480703613519668,19.729381894969197
22,5.518297837924957,11.568169019047891
23,7.196778489875792,13.611156148491368
24,5.791280193901064,9.810637115722443
25,6.161685270309451,9.97291282444713
26,4.584581902313235,7.671206866503184
27,5.366041009521484,8.871446088110872
28,7.137460950613022,13.268588971718597
29,9.743496765184405,20.483119930418503
30,4.221699908924103,7.650446764250545
31,5.522947099494933,10.548944037437806
32,4.340121838855744,10.502089448475228
33,3.33892879600525,5.925991671403438
34,4.749858077049256,8.753265722962135
35,3.345693508982659,6.764604980332223
36,2.929937965011596,5.554210519566978
37,5.600188637137414,11.893904508327843
38,4.693952264022828,9.348936884070033
39,6.7756194179773335,12.70075949554591
40,4.945217026519774,8.791831616553393
41,4.096187771606445,7.281861043072221
42,3.7811267670631383,7.256596710004147
43,5.764572228050232,10.8523972474032
44,14.880265158081054,43.05835425876186
45,8.691120358014105,16.026123683847704
46,8.55733731997013,14.707767441257426
47,5.749434239435198,9.531212574877584
48,6.475638333892822,12.188618589868582
49,10.432575556468965,21.448098529630776
50,15.067995602226258,26.67489158141441
51,9.132164334011076,16.198261967349406
52,8.55771482515335,16.228641866574385
53,11.910155935287476,20.176590494925204
54,12.866221711921689,23.979601263266993
55,11.040466240024566,19.962988444711126
56,10.229724888610837,18.4684701548005
57,12.465844183397296,20.171034823872212
58,13.773567938995365,27.278735186274922
59,10.315016876220703,16.90009668455972
60,10.344083656406404,17.919959891774006
61,14.098060326671602,25.752958596262122
62,14.621079389381409,26.74767808804285
63,15.03551424460411,24.53970823471194
64,8.405786464595794,14.024232865954708
65,12.248182895994184,20.816860139247623
66,8.97528285713196,14.65353330951163
67,15.660989966773991,36.60439527651906
68,12.259598505687713,20.54489686318892
69,13.178753241014478,20.24173463134609
70,14.346159827089307,24.619736658237393
71,11.323690650320053,20.917807785065513
72,14.611811869955064,31.71451212715469
73,12.531763556575775,22.244902933158098
74,10.038212798976899,14.867815518250211
75,27.38028169212342,57.38399408796762
76,19.955717953300475,39.40309125647963
77,12.852459961557388,21.668718565146026
78,12.04020164699554,18.338791504341255
79,11.151952688694001,21.273412464727006
80,16.81901436886788,26.898683178172416
81,10.53044443836212,16.621986929121356
82,14.102468511962888,24.07265320550525
83,10.349620460510256,21.05872829401908
84,11.454586296844482,20.794650035040316
85,12.285294965839388,22.265682548647654
86,14.503398026657106,21.78479942801798
87,12.440903851032258,21.525621243278547
88,8.40018133354187,14.46866045432915
89,8.653053896522522,14.620590478996924
90,9.47764935746193,14.584690431779775
91,10.488041384124754,19.27447304943174
92,11.900191457462311,22.352500836659793
93,11.264795210409163,19.36356079619547
94,11.149747264289854,19.756656826747328
95,13.909167975330353,27.679956684259658
96,8.568005214500426,16.072619929624132
97,11.450448597764966,20.468427910728185
98,8.801157590866092,14.976848115765533
99,10.308411515426638,17.23710370961031
100,8.725117031419279,14.668909431255072
101,9.68466218075752,16.57355468797879
102,8.674171614551545,16.64321722646843
103,12.966254661893846,27.64905753344951
104,8.763402249336245,15.107626265776391
105,8.685012887191771,14.838818951852055
106,8.962720545578003,16.701854804515627
107,7.245358683776853,15.005910487963407
108,6.822944665145874,13.323403480189123
109,18.777980696344375,46.16328206211584
110,6.093829521417616,11.455210237770272
111,6.33827325963974,10.72751896783584
112,5.0549099647521984,8.558670548934707
113,4.390070424747467,7.8752571753552205
114,6.194228187847139,12.988572172767013
115,5.1751151037216205,14.872237980297669
116,5.182646286773684,8.822029489186047
117,6.167138972187042,11.121705971250682
118,5.951938147878646,13.048000036722156
119,3.3585570872306834,5.987202972016737
120,3.1224241628885276,5.564406734231499
121,3.5796318272590635,6.907037694754017
122,3.8032665737152103,7.253450354382105
123,4.748164734339711,10.300458691554708
124,2.870410794210434,5.923902484380388
125,6.783401133155824,13.295731598091775
126,4.0128421136856085,7.9725550855723535
127,5.166993958353996,8.914157922565526
128,6.203731877923014,10.849625909209394
129,6.606223678898812,11.923085884714254
130,10.670317113018038,23.17306661942147
131,8.005455978918079,13.890214150623942
132,7.876844104862212,15.47430543552589
133,8.189710936903955,16.142789379824983
134,12.688306883811947,22.169111532591582
135,8.914062584686281,15.419412178234982
136,10.386252506351473,18.620494945184504
137,16.0585953458786,30.233122174038808
138,10.670393854141237,21.18427070272518
139,8.421472394704821,17.013846144677995
140,8.600640521240233,16.100825144417545
141,9.13723603591919,16.88407284906493
142,14.491579137754439,29.020135075774384
143,10.0850207485199,18.6893223894613
144,11.39614452352524,20.851363078912346
145,9.60071405820847,16.586523340342136
146,13.381365141248704,21.15924484733477
147,10.481382795429232,17.951494030911743
148,9.820876030921939,16.30598936588211
149,13.955043857955932,25.159281147321472
150,9.412226530742643,15.345919643933122
151,10.051665269803998,17.168112762414264
152,11.649880311965939,20.147071536860956
153,12.220325060844425,21.54626122411289
154,12.787232116317748,20.588067078656533
155,8.53867451810837,15.108039487529922
156,8.95442412033081,15.541791357218607
157,14.251700421905516,24.488013588483195
158,26.937506723594666,47.1538632182165
159,19.569717804193495,49.06038602795
160,16.65629307023883,26.89574702981259
161,13.473465422677993,21.95385777159644
162,15.510499112892148,27.51884364059803
163,11.013052055406568,17.995437137362845
164,13.091847067713738,20.170313960772308
165,14.43165152449608,23.3816588309813
166,12.77730590715408,19.628773929168872
167,11.528367118072513,18.897602458298806
168,9.247041071796414,13.857204567344274
169,12.201896329975128,20.8246993796723
170,18.903949337673183,34.84172735633631
171,10.468607161521913,20.036236690573883
172,12.457667834663392,20.878001701427305
173,10.686193974685668,17.91251423947265
174,11.421854871654512,19.83032055756677
175,9.98627751560211,16.101925234280245
176,11.795237854099273,19.15635983825239
177,16.94210532531738,27.930884910621245
178,9.833373233795164,16.29297974178891
179,13.415985752105712,23.280113337324945
180,9.87667378139496,16.3451880123561
181,9.868279582500456,16.364623683347247
182,9.561565528583525,17.92198728932483
183,13.313776315402983,22.3404319171371
184,10.024829931211471,17.625092306637825
185,11.050210568046568,19.53164006139842
186,13.22026620354653,23.136753926127355
187,10.992391136932374,18.303980418476925
188,11.021995548248288,21.012681743770724
189,12.825382345581056,22.022301163184057
190,10.939335073947907,20.20940313714678
191,8.218600304603578,15.665338871097957
192,13.802791446113588,25.6239571113782
193,7.066204192352294,13.685892464346407
194,8.07740693540573,14.415402873784913
195,7.854574173355104,13.839764525425403
196,10.294811021900177,19.16825629876917
197,5.831756665611267,10.830845655508254
198,5.347036616516112,10.054105626082759
199,4.18058042833805,7.701436104651102
200,5.097495771408082,9.055447391121387
201,6.880749600219726,14.50448687498424
202,8.284572072935104,17.018562907102453
203,4.081402593421938,7.967547522292001
204,5.369796710681917,9.57534005462824
205,3.4739242061614983,5.968925244460162
206,4.549520184421539,9.106138510079003
207,4.273969861984253,8.540926633284757
208,3.29163254418373,5.882747516989017
209,3.893284806060791,7.93798189149149
210,2.8182153138160704,5.67109680342867
211,3.625759121966362,7.732076621258561
212,3.1508979431152353,5.851553302779985
213,7.3548269937515265,16.60094836340511
214,5.154382122039794,9.667885677292016
215,5.804766967821122,12.212294503542338
216,7.289165662097933,13.977548591325558
217,9.201496819496155,24.0921618243129
218,7.256076045703889,13.673261604869225
219,12.880248645782471,24.79123052145346
220,8.89876617040634,16.22654008635316
221,11.647194331741334,22.296722993415074
222,9.252968872642516,15.797863972915364
223,5.905788675284383,10.127763207696852
224,9.766996553611754,18.160303843140934
225,11.775647196960454,18.57244746064939
226,7.645720099115371,12.71437560198193
227,11.844272295284268,24.682487240220425
228,8.729528680992125,16.190255161026915
229,11.11731893787384,20.350963189287324
230,11.445458164978026,19.665903677604376
231,12.180140352630614,21.507103927728405
232,8.708927912092209,14.592149706647412
233,9.953539591979979,18.52209176775702
234,10.270248754787444,16.491778152489957
235,9.868105738830568,16.289293354911806
236,9.982442605209352,15.97709072765808
237,17.993693967628477,33.838274447119176
238,11.827815545845034,18.984263971764882
239,18.870894085693358,34.91020941521857
240,12.252256232452394,23.0627913974138
241,15.129280843257902,26.270810888521716
242,12.785576371908187,19.94314736154302
243,17.52171297979355,33.974398774465946
244,13.419484002590178,23.501302745868124
245,9.57051951351166,16.705437990001343
246,12.84271666469574,21.64706504880885
247,12.296278885269171,19.882870723551925
248,10.561084745311737,17.06292473786052
249,12.172561929798123,20.840945047304974
250,9.067222408485415,13.96331823440671
251,13.41171962184906,25.871328737381543
252,12.019684832668304,19.864934890616087
253,10.596010833835603,17.20664494680579
254,16.25780548710823,31.969369558618848
255,10.123654499149323,17.031535951375936
256,14.93805663509369,27.785009220942047
257,15.382943159496781,27.672656742929465
258,13.795397222256659,22.129109452005604
259,12.40220378293991,19.393784483355894
260,12.888318546295167,24.35891223335017
261,14.07356036157608,27.481490161629
262,12.076195482444762,21.342420635650623
263,16.09255321130753,27.833135801943428
264,11.396272961807249,18.92084640579183
265,9.530742618083954,15.939373001561693
266,15.9420145904541,26.42771838194011
267,12.695609004592898,20.196726716269392
268,10.666344097423552,18.65313223674192
269,8.364985170841214,14.402099723156587
270,10.155864218473432,17.739047331932586
271,16.063758294200895,37.56270615104536
272,9.467959196472165,15.984754702870179
273,13.22970713582039,23.36990436215304
274,7.068939429998397,12.598289037737255
275,9.293562435531616,16.840289754197
276,7.136160700750354,11.355752008475463
277,11.893979787206646,21.884547563087633
278,11.641315350723264,21.153228602690557
279,12.126290229415895,21.961079056107142
280,9.308457926368714,17.596340303790697
281,21.12404365119934,57.77808636140213
282,8.527294474935532,18.232442604501177
283,7.587726596546172,12.941417635489698
284,6.8882613431930535,11.464979997187678
285,7.990097363901137,14.38383466237496
286,7.573586899614335,15.059658970670062
287,4.808375988960266,9.908831585386501
288,3.9855255172729476,7.445405680677559
289,5.123938915538788,9.854217607918512
290,5.373637472152709,9.266185804570432
291,4.813325077438355,8.459213392133835
292,9.863567268037796,24.162180459223112
293,4.805132425761223,9.051299818067921
294,3.4153857878684994,6.968276827692861
295,3.9781368470907204,9.084935709924034
296,4.266374337768556,8.527925688300995
297,6.349162906098366,14.400835665476903
298,3.1691034980297106,5.4145737748045635
299,5.63184992325306,12.477083994544698
300,3.9865326376199746,8.165966294589696
301,8.710335976314544,21.67056155279199
302,4.267808633041382,7.016335414468053
303,5.3762563217163075,9.704204434618426
304,12.80115752425194,25.662107371720992
305,9.691147239041328,21.925611218322775
306,6.561377029657365,12.108557337840645
307,5.124956564044952,9.402568174313561
308,8.403164113378525,15.04594919412579
309,10.686120151472087,16.834805161099357
310,7.490280332708357,13.71509055846658
311,10.612512217521667,22.97932099836182
312,12.048290408325197,29.17801214911887
313,7.704888075542449,14.505431699634078
314,11.671453120613101,20.69012925412833
315,14.719674151611327,23.641114798479812
316,10.13150354270935,17.4177339067795
317,11.048686065292356,19.81692528361111
318,14.401663856697082,28.04194709347608
319,10.110851880407331,19.521781624921445
320,15.549377054023736,30.590653431018627
321,11.359775096511845,18.279815499046208
322,14.588972448396685,25.797286177676046
323,14.161202507781985,26.6848903262254
324,10.121448461627963,17.575133667222534
325,10.959990821552276,17.255031807103975
326,7.991469972991947,12.032413581726422
327,10.715579168701172,18.606786396851213
328,13.625934019333123,26.78593633477051
329,15.828267197990417,31.48788782596031
330,18.659644889354706,36.6939801407032
331,13.239859275627134,20.887067168183005
332,14.608821701431276,24.683360690070387
333,12.088132047557833,21.13199473648095
334,9.053040461921693,15.145627907635127
335,10.281853788518907,18.724288159431204
336,11.52153036522865,18.8266651616267
337,10.620322470140456,21.74064589986515
338,14.514944192886356,26.723035556582108
339,12.607133564901352,20.967009064170366
340,10.650100588989256,17.329082370303123
341,11.156597885894776,18.23631228127664
342,10.357299873495103,15.347953810892655
343,9.131109904718398,15.327342302537623
344,12.354656702089311,21.23737695567053
345,12.316530101490024,20.10519986193866
346,12.092746176528934,18.881486908186453
347,17.869020778656004,33.95437386868301
348,12.01199112548828,22.58731159444601
349,14.972966303062437,25.02824664869914
350,13.956065499448778,27.01368877699976
351,10.539110908508306,16.379567857163078
352,8.548730303144456,13.820978395395693
353,10.969045504188536,19.869448040831696
354,10.302534807205202,17.380841441882936
355,15.990136361026762,32.36099103236541
356,11.484035575723649,18.591675321733035
357,8.261300353622437,12.502567204219297
358,9.798762950325013,17.001411531745614
359,8.54380359249115,15.44189484091635
360,8.29089507262707,15.220554522086271
361,11.225788660383225,21.640849543902583
362,21.23206643276215,37.899366325049265
363,8.263109019660948,15.197175686955855
364,6.286104119539261,11.658623678056236
365,15.556817657089232,30.767246954391414
366,7.044421566247941,13.454578994649115
367,7.082220700335501,12.371861769208486
368,8.054140173339842,14.062618402139966
369,10.712170397949219,19.00254676840821
370,8.093664375066759,15.934047225420942
371,7.687472564792632,15.142850166496435
372,5.504541316604616,9.390113412923778
373,6.308939877295496,11.844842231162131
374,5.506931837320328,9.448176561694387
375,10.115892068672178,20.723358169120324
376,4.453666094160081,8.36964604047167
377,4.342357898712157,7.847438564459258
378,5.431538866710664,13.071311374158531
379,5.258357983875271,10.302478505828287
380,3.7558581823349,7.177912676078004
381,4.3220293407440185,8.112665978671226
382,4.995018224048613,12.952222344793853
383,6.461552140235901,14.734991922979685
384,3.013639878082277,5.672498326210628
385,4.197043966960907,8.317796683648144
386,14.125121702384952,32.46392188785451
387,6.872461787986756,13.570670808450801
388,6.106965563321114,11.38079766804231
389,4.913788260746002,8.908489824639231
390,4.565128999137879,9.201570710778428
391,5.463820799779892,9.64376049161222
392,5.583439011192322,11.267276898363335
393,9.320820086574553,16.777058708792513
394,16.483809638833996,34.46087941804534
395,7.225936587905883,13.608535480454858
396,7.9684401104688645,14.971568631029985
397,9.516482210326192,16.785516211022205
398,9.726195973777775,18.581629385392027
399,10.77730775344372,19.52968920900513
400,6.605710427570342,12.84083042690382
401,7.855107216596602,14.40549502966632
402,7.8682880163192745,13.36709781431837
403,9.541825693321226,18.461016122859103
404,14.21375452041626,29.33149206610952
405,10.254165295743942,19.008492466272177
406,8.203389412450788,14.452865391141676
407,11.592970506906509,20.334135546735943
408,9.713155359840393,16.63058125900398
409,10.52628777155876,17.796981332323117
410,11.418532893943786,18.73686602818745
411,9.640715919160845,18.48851825403416
412,13.735091754150387,25.075097222685987
413,8.534609306621553,13.090564697409379
414,7.579800937843322,13.178110417009494
415,15.69700301990509,31.702242887624664
416,10.085686427640912,19.324943479157273
417,12.72193909950256,19.093543657431
418,9.527473581123349,15.427024107661047
419,10.806763613986968,18.973925872762422
420,8.893614318847657,13.738041649136973
421,10.644809241151812,18.577206725271804
422,11.426661841964723,18.34549202241104
423,10.402421667480466,16.114723756161048
424,18.82508721756935,35.43528068136722
425,12.887618435478208,21.186987175810003
426,13.124794452953338,25.21170242113486
427,11.629392943572999,17.97361412708042
428,12.602810785579678,19.974513949448884
429,11.543279418754578,18.609850014056484
430,9.74470732965469,16.74014696555529
431,14.054317260932919,27.058283989613706
432,9.992895025825502,17.666229238170434
433,11.3832571518898,18.79795429585725
434,12.150624694466591,19.019707648192234
435,14.573657897520066,24.575544765393243
436,13.537564800453186,23.357615783474078
437,14.874898330688474,30.548018067651242
438,6.756390839767455,9.869029108948087
439,10.059856550931931,16.99302160647044
440,9.350335305595399,15.356589460997586
441,10.537406057453156,18.929775625539015
442,10.141428742218022,16.760136952615923
443,12.16790062198639,21.969602040082513
444,8.344887003707889,13.40672927253365
445,10.662604669141771,18.47888440789526
446,11.59784881296158,20.606211371891586
447,7.352106119346621,11.978637537771814
448,10.191679096984863,17.409650446709975
449,9.535342482566834,17.6767915504627
450,15.176988262557984,27.894095263841084
451,12.519737440776826,26.965108209208303
452,10.940485455465314,23.477368144403773
453,9.368601416778567,16.24756405318661
454,14.98553388605118,26.293435579593098
455,9.676887746405598,17.015081234146553
456,6.680945645642282,11.793437139381826
457,6.324668371295929,11.512252125866475
458,8.322107443618773,17.124115430753363
459,7.402555369997026,12.959941067074892
460,5.688949594211578,10.413948637934292
461,7.807211874961854,13.89165677687967
462,4.222690035748482,8.23173946503182
463,5.430338344860076,9.860076354557254
464,5.102072470664976,9.02794246935791
465,6.326727089691164,14.716421710020542
466,6.31001923942566,11.618928611476692
467,5.550215611648559,10.6467009563633
468,4.7855233136892315,9.614871495452459
469,4.75900685968399,9.038816506170818
470,4.556894620323181,10.697293736800601
471,2.7224426673889184,4.715837667753722
472,3.7496635472297664,9.212754998295244
